INSERT INTO style (style_name) VALUES
('casual'), -- 1
('formal'), -- 2
('sporty'), -- 3
('normal'); -- 4

INSERT INTO `condition` (condition_name) VALUES
('HOT'), -- 1
('COLD'), -- 2
('NORMAL'); -- 3

INSERT INTO user (style_seq, condition_seq, user_social_site, user_id, user_name, user_nickname, user_phone_num, user_birth_date, user_gender, user_state, user_auth, reg_date) VALUES
(1, 1, 'KAKAO', 'user1@kakao.com', '사용자 1', '닉네임 1', '010-1111-1111', '1990-01-01', 'MALE', 'ACTIVE', 'ADMIN', NOW()),
(2, 2, 'NAVER', 'user2@naver.com', '사용자 2', '닉네임 2', '010-2222-2222', '1992-02-02', 'FEMALE', 'ACTIVE', 'USER', NOW()),
(1, 3, 'GOOGLE', 'user3@gmail.com', '사용자 3', '닉네임 3', '010-3333-3333', '1989-03-03', 'MALE', 'ACTIVE', 'USER', NOW()),
(2, 1, 'KAKAO', 'user4@kakao.com', '사용자 4', '닉네임 4', '010-4444-4444', '1995-04-04', 'FEMALE', 'ACTIVE', 'ADMIN', NOW()),
(1, 2, 'NAVER', 'user5@naver.com', '사용자 5', '닉네임 5', '010-5555-5555', '1988-05-05', 'MALE', 'ACTIVE', 'USER', NOW()),
(2, 3, 'GOOGLE', 'user6@gmail.com', '사용자 6', '닉네임 6', '010-6666-6666', '1993-06-06', 'FEMALE', 'ACTIVE', 'ADMIN', NOW()),
(1, 1, 'KAKAO', 'user7@kakao.com', '사용자 7', '닉네임 7', '010-7777-7777', '1991-07-07', 'MALE', 'ACTIVE', 'USER', NOW()),
(2, 2, 'NAVER', 'user8@naver.com', '사용자 8', '닉네임 8', '010-8888-8888', '1985-08-08', 'FEMALE', 'ACTIVE', 'USER', NOW()),
(1, 3, 'GOOGLE', 'user9@gmail.com', '사용자 9', '닉네임 9', '010-9999-9999', '1994-09-09', 'MALE', 'ACTIVE', 'ADMIN', NOW()),
(2, 1, 'KAKAO', 'user10@kakao.com', '사용자 10', '닉네임 10', '010-0000-0000', '1990-10-10', 'FEMALE', 'ACTIVE', 'USER', NOW());

INSERT INTO outfit (outfit_name, outfit_weather, outfit_temp_max, outfit_temp_min, outfit_category, outfit_gender, outfit_level) VALUES
-- 상의 (TOP)
('기모_맨투맨', NULL, 10, -100, 'TOP', 'N', NULL),
('니트_스웨터', NULL, 15, -100, 'TOP', 'N', NULL),
('일반_맨투맨', NULL, 15, 0, 'TOP', 'N', NULL),
('후드티', NULL, 18, 0, 'TOP', 'N', NULL),
('셔츠', NULL, 20, 5, 'TOP', 'N', NULL),
('운동용_긴팔티', NULL, 20, -100, 'TOP', 'N', NULL),
('얇은_니트', NULL, 25, 10, 'TOP', 'N', NULL),
('롱슬리브', NULL, 25, 10, 'TOP', 'N', NULL),
('블라우스', NULL, 30, 10, 'TOP', 'F', NULL),
('폴로_반팔티', NULL, 35, 13, 'TOP', 'M', NULL),
('반팔_티셔츠', NULL, 100, 15, 'TOP', 'N', NULL),
('반팔_셔츠', NULL, 100, 15, 'TOP', 'N', NULL),
('운동용_반팔티', NULL, 15, -100, 'TOP', 'N', NULL),
('크롭티', NULL, 100, 18, 'TOP', 'F', NULL),
('나시', NULL, 100, 20, 'TOP', 'N', NULL),
-- 하의 (BOTTOM)
('기모바지', NULL, 10, -100, 'BOTTOM', 'N', NULL),
('트레이닝_팬츠', NULL, 20, -10, 'BOTTOM', 'N', NULL),
('조거_팬츠', NULL, 18, -10, 'BOTTOM', 'N', NULL),
('긴청바지', NULL, 25, -10, 'BOTTOM', 'N', NULL),
('스키니_진', NULL, 25, -10, 'BOTTOM', 'F', NULL),
('긴면바지', NULL, 25, -10, 'BOTTOM', 'M', NULL),
('카고_팬츠', NULL, 25, -5, 'BOTTOM', 'N', NULL),
('롱슬랙스', NULL, 25, -5, 'BOTTOM', 'N', NULL),
('와이드_팬츠', NULL, 30, 0, 'BOTTOM', 'N', NULL),
('레깅스', NULL, 30, 0, 'BOTTOM', 'F', NULL),
('롱_스커트', NULL, 30, 0, 'BOTTOM', 'F', NULL),
('청반바지', NULL, 100, 15, 'BOTTOM', 'F', NULL),
('트레이닝_반바지', NULL, 100, 15, 'BOTTOM', 'N', NULL),
('슬랙스_반바지', NULL, 100, 15, 'BOTTOM', 'F', NULL),
('미니_스커트', NULL, 100, 18, 'BOTTOM', 'F', NULL),
-- 아우터 (OUTERWEAR)
('롱패딩', NULL, 7, -100, 'OUTERWEAR', 'N', NULL),
('패딩', NULL, 10, -100, 'OUTERWEAR', 'N', NULL),
('코트', NULL, 15, -10, 'OUTERWEAR', 'N', NULL),
('무스탕', NULL, 12, -3, 'OUTERWEAR', 'N', NULL),
('가죽자켓', NULL, 13, 0, 'OUTERWEAR', 'N', NULL),
('경량_패딩', NULL, 15, 0, 'OUTERWEAR', 'N', NULL),
('패딩_조끼', NULL, 15, 0, 'OUTERWEAR', 'N', NULL),
('야구점퍼', NULL, 15, 0, 'OUTERWEAR', 'N', NULL),
('항공점퍼', NULL, 15, 0, 'OUTERWEAR', 'N', NULL),
('자켓', NULL, 15, 0, 'OUTERWEAR', 'N', NULL),
('트렌치코트', NULL, 17, 0, 'OUTERWEAR', 'N', NULL),
('바람막이', NULL, 20, 5, 'OUTERWEAR', 'N', NULL),
('후드_집업', NULL, 20, 5, 'OUTERWEAR', 'N', NULL),
('블레이져', NULL, 20, 5, 'OUTERWEAR', 'N', NULL),
('얇은_가디건', NULL, 25, 10, 'OUTERWEAR', 'N', NULL),
-- 신발 (SHOES)
('털부츠', NULL, 10, -100, 'SHOES', 'N', NULL),
('롱부츠', NULL, 15, -20, 'SHOES', 'F', NULL),
('운동화', NULL, 35, -20, 'SHOES', 'N', NULL),
('러닝화', NULL, 35, -10, 'SHOES', 'N', NULL),
('레인부츠', 500, 25, -10, 'SHOES', 'N', NULL),
('워커', NULL, 35, -5, 'SHOES', 'N', NULL),
('로퍼', NULL, 35, -5, 'SHOES', 'N', NULL),
('플랫슈즈', NULL, 35, 0, 'SHOES', 'F', NULL),
('스니커즈', NULL, 35, -20, 'SHOES', 'N', NULL),
('하이힐', NULL, 100, 0, 'SHOES', 'F', NULL),
('크록스', NULL, 100, 10, 'SHOES', 'N', NULL),
('슬리퍼', NULL, 100, 10, 'SHOES', 'N', NULL),
('샌들', NULL, 100, 15, 'SHOES', 'N', NULL),
('쪼리', NULL, 100, 15, 'SHOES', 'N', NULL),
-- 악세사리 (ACCESSORY)
('핫팩', NULL, 5, -100, 'ACCESSORY', 'N', 'RECOMMENDED'),
('장갑', NULL, 5, -100, 'ACCESSORY', 'N', 'RECOMMENDED'),
('손수건', NULL, 100, -100, 'ACCESSORY', 'N', 'SELECTION'),
('목도리', NULL, 5, -100, 'ACCESSORY', 'N', 'RECOMMENDED'),
('플리스_모자', NULL, 5, -100, 'ACCESSORY', 'N', 'RECOMMENDED'),
('귀도리', NULL, 10, -5, 'ACCESSORY', 'N', 'RECOMMENDED'),
('우산', 500, 100, -100, 'ACCESSORY', 'N', 'REQUIRED'),
('자외선_차단제', 800, 100, 15, 'ACCESSORY', 'N', 'REQUIRED'),
('선글라스', 800, 100, 15, 'ACCESSORY', 'N', 'RECOMMENDED'),
('양산', 800, 100, 18, 'ACCESSORY', 'N', 'RECOMMENDED'),
('휴대용_선풍기', NULL, 100, 20, 'ACCESSORY', 'N', 'SELECTION'),
('썬캡', 800, 100, 20, 'ACCESSORY', 'N', 'RECOMMENDED'),
('마스크', NULL, 100, -100, 'ACCESSORY', 'N', 'REQUIRED'),
('손목시계', NULL, 100, -100, 'ACCESSORY', 'N', 'SELECTION'),
('부채', NULL, 100, 17, 'ACCESSORY', 'N', 'SELECTION'),
('비니', NULL, 25, -10, 'ACCESSORY', 'N', 'SELECTION'),
('보조배터리', NULL, 100, -100, 'ACCESSORY', 'N', 'SELECTION'),
('스마트워치', NULL, 100, -100, 'ACCESSORY', 'N', 'SELECTION');

INSERT INTO situation (situation_name) VALUES
('daily'), -- 1 : 일상
('travel'), -- 2 : 여행
('couple'), -- 3 : 데이트
('exercise'), -- 4 : 운동
('formal'), -- 5 : 격식 있는 자리
('normal'); -- 6 : 무관

INSERT INTO select_record (user_seq, situation_seq, select_date, custom_date, custom_location, weather_code, high_temp, low_temp, daily_temp, cur_temp, precipitation) VALUES
(1, 1, '2024-11-10 20:50:18', '2024-11-10 20:49:33', '서울 동작구 신대방동', '800', 15.71, 14.64, 1.0700000000000003, 11.9, '0'),
(2, 2, '2024-11-10 20:51:39', '2024-11-10 20:49:33', '서울 동작구 신대방동', '800', 15.71, 14.64, 1.0700000000000003, 11.9, '0'),
(3, 3, '2024-11-10 20:51:55', '2024-11-10 20:49:33', '서울 동작구 신대방동', '800', 15.66, 14.59, 1.0700000000000003, 11.83, '0'),
(4, 4, '2024-11-10 20:52:15', '2024-11-10 20:49:33', '서울 동작구 상도동', '800', 15.43, 14.34, 1.0899999999999999, 11.61, '0'),
(5, 5, '2024-11-10 20:52:41', '2024-11-10 20:49:33', '서울 동작구 상도동', '800', 15.6, 14.51, 1.0899999999999999, 11.79, '0'),
(6, 6, '2024-11-10 20:52:57', '2024-11-10 20:49:33', '서울 동작구 상도동', '800', 15.71, 14.64, 1.0700000000000003, 11.9, '0'),
(7, 1, '2024-11-10 20:53:12', '2024-11-10 20:49:33', '서울 동작구 상도동', '800', 15.71, 14.64, 1.0700000000000003, 11.9, '0'),
(8, 2, '2024-11-10 20:53:53', '2024-11-10 20:49:33', '서울 영등포구 신길동', '800', 15.75, 14.66, 1.0899999999999999, 11.98, '0'),
(9, 3, '2024-11-10 20:54:18', '2024-11-10 20:49:33', '서울 영등포구 신길동', '800', 15.75, 14.66, 1.0899999999999999, 11.98, '0'),
(10, 4, '2024-11-10 20:54:39', '2024-11-10 20:49:33', '서울 영등포구 신길동', '800', 15.76, 14.68, 1.08, 12, '0');

INSERT INTO board (user_seq, board_title, board_content, board_is_notice, board_is_blind, reg_date) VALUES
(1, '공지사항 1', '공지사항 내용 1', TRUE, FALSE, NOW()),
(2, '일반 게시글 1', '게시글 내용 1', FALSE, FALSE, NOW()),
(3, '일반 게시글 2', '게시글 내용 2', FALSE, TRUE, NOW()),
(4, '공지사항 2', '공지사항 내용 2', TRUE, FALSE, NOW()),
(5, '일반 게시글 3', '게시글 내용 3', FALSE, FALSE, NOW()),
(6, '공지사항 3', '공지사항 내용 3', TRUE, FALSE, NOW()),
(7, '일반 게시글 4', '게시글 내용 4', FALSE, FALSE, NOW()),
(8, '일반 게시글 5', '게시글 내용 5', FALSE, TRUE, NOW()),
(9, '공지사항 4', '공지사항 내용 4', TRUE, FALSE, NOW()),
(10, '일반 게시글 6', '게시글 내용 6', FALSE, FALSE, NOW());

INSERT INTO review (user_seq, select_seq, review_content, review_weather, review_location, review_blind, review_like_yn, reg_date, up_date) VALUES
(1, 1, '이 아웃핏은 정말 좋았습니다!', 25.0, '서울시 강남구 역삼동', FALSE, TRUE, NOW(), NOW()),
(2, 2, '선택이 매우 탁월했어요.', 30.0, '부산시 해운대구 본송동', FALSE, FALSE, NOW(), NOW()),
(3, 3, '아웃핏이 훌륭했지만 살짝 더웠어요.', 28.5, '제주도 제주시 일도일동', TRUE, TRUE, NOW(), NOW()),
(4, 4, '전반적으로 만족스러웠습니다.', 23.0, '대전시 유성구 전민동', FALSE, FALSE, NOW(), NOW()),
(5, 5, '다음에 또 입어 보고 싶네요.', 27.5, '광주시 서구 양동', FALSE, TRUE, NOW(), NOW()),
(6, 6, '온도가 너무 더웠어요.', 22.0, '인천시 남동구 구월동', FALSE, FALSE, NOW(), NOW()),
(7, 7, '적절한 장소에 알맞은 아웃핏입니다.', 26.0, '울산시 남구 무거동', TRUE, TRUE, NOW(), NOW()),
(8, 8, '서비스가 불편했어요.', 29.0, '경기도 수원시 장안구', FALSE, FALSE, NOW(), NOW()),
(9, 9, '추천합니다!', 24.5, '강원도 춘천시 봉의동', FALSE, TRUE, NOW(), NOW()),
(10, 10, '아쉬운 점이 많았습니다.', 21.0, '세종시 반곡동', FALSE, FALSE, NOW(), NOW());

INSERT INTO reply (reply_user_seq, board_seq, reply_content, reply_is_blind, reg_date) VALUES
(1, 1, '댓글 내용 1', FALSE, NOW()),
(2, 1, '댓글 내용 2', FALSE, NOW()),
(3, 2, '댓글 내용 3', TRUE, NOW()),
(4, 2, '댓글 내용 4', FALSE, NOW()),
(5, 3, '댓글 내용 5', FALSE, NOW()),
(1, 3, '댓글 내용 6', FALSE, NOW()),
(2, 4, '댓글 내용 7', TRUE, NOW()),
(3, 4, '댓글 내용 8', FALSE, NOW()),
(4, 5, '댓글 내용 9', FALSE, NOW()),
(5, 5, '댓글 내용 10', TRUE, NOW());

INSERT INTO picture (picture_board_seq, picture_origin_name, picture_changed_name, picture_url, picture_type, picture_is_deleted, reg_date, del_date) VALUES
(1, '성명.png', '1731285629953_e7585ea6-6d19-4bfa-8015-afc358f0671e.png', 'https://article1-bucket.s3.amazonaws.com/1731285629953_e7585ea6-6d19-4bfa-8015-afc358f0671e.png', 'image/png', false, '2024-11-11 09:40:31.240571', NULL),
(2, '성공.jpeg', '1731285631244_c682456b-8b98-4fb3-a249-a7355166b6ae.jpeg', 'https://article1-bucket.s3.amazonaws.com/1731285631244_c682456b-8b98-4fb3-a249-a7355166b6ae.jpeg', 'image/jpeg', false, '2024-11-11 09:40:31.679465', NULL);

INSERT INTO select_outfit (outfit_seq, select_seq) VALUES
(4, 1),
(18, 1),
(48, 1),
(42, 1),
(73, 1),
(6, 2),
(19, 2),
(48, 2),
(41, 2),
(76, 2),
(5, 3),
(18, 3),
(51, 3),
(45, 3),
(62, 3),
(4, 4),
(18, 4),
(48, 4),
(42, 4),
(73, 4),
(8, 5),
(21, 5),
(52, 5),
(41, 5),
(62, 5),
(4, 6),
(18, 6),
(48, 6),
(41, 6),
(62, 6),
(4, 7),
(18, 7),
(48, 7),
(42, 7),
(73, 7),
(6, 8),
(18, 8),
(48, 8),
(41, 8),
(76, 8),
(5, 9),
(18, 9),
(48, 9),
(45, 9),
(62, 9),
(4, 10),
(18, 10),
(48, 10),
(42, 10),
(73, 10);

INSERT INTO outfit_style (outfit_seq, style_seq) VALUES
-- 상의 (TOP)
(1, 1), (1, 2), (1, 3), (1, 4), -- 기모_맨투맨 : , , , 모든 스타일 포함
(2, 1), (2, 2), -- 니트_스웨터 :
(3, 2), (3, 2), (3, 3), (3, 4), -- 일반_맨투맨 :
(4, 1), (4, 3), -- 후드티 :
(5, 2), -- 셔츠 :
(6, 3), -- 드라이핏_긴소매티 :
(7, 1), (7, 2), -- 얇은_니트 :
(8, 1), (8, 2), (8, 3), (8, 4), -- 롱슬리브 : , , , 모든 스타일 포함
(9, 2), -- 블라우스 :
(10, 2), -- 폴로_반팔티 :
(11, 1), (11, 2), (11, 3), (11, 4), -- 반팔_티셔츠 : , , , 모든 스타일 포함
(12, 2), -- 반팔_셔츠 :
(13, 3), -- 드라이핏_티셔츠 :
(14, 1), (14, 3), -- 크롭티 :
(15, 1), (15, 3), -- 나시 :
-- 하의 (BOTTOM)
(16, 1), (16, 2), (16, 3), (16, 4), -- 기모바지 : , , , 모든 스타일 포함
(17, 3), -- 트레이닝_팬츠 :
(18, 1), (18, 3), -- 조거_팬츠 :
(19, 2), (19, 3), -- 긴청바지 :
(20, 1), -- 스키니_진 :
(21, 1), (21, 2), -- 긴면바지 :
(22, 1), (22, 3), -- 카고_팬츠 :
(23, 1), (23, 2), -- 롱슬랙스 :
(24, 1), (24, 2), -- 와이드_팬츠 :
(25, 3), -- 레깅스 :
(26, 1), (26, 2), -- 롱_스커트 :
(27, 1), -- 청반바지 :
(28, 3), -- 트레이닝_반바지 :
(29, 2), -- 슬랙스_반바지 :
(30, 2), -- 미니_스커트 :
-- 아우터 (OUTERWEAR)
(31, 1), (31, 3), -- 롱패딩 :
(32, 1), (32, 3), -- 패딩 :
(33, 2), -- 코트 : , , 모든 스타일 포함
(34, 2), -- 무스탕 :
(35, 1), -- 가죽자켓 :
(36, 1), (36, 3), -- 경량_패딩 :
(37, 1), (37, 2), (37, 3), (37, 4), -- 패딩_조끼 :
(38, 1), (38, 3), -- 야구점퍼 :
(39, 1), -- 항공점퍼 :
(40, 1), (40, 2), -- 자켓 :
(41, 2), -- 트렌치코트 :
(42, 3), -- 바람막이 :
(43, 1), -- 후드_집업 :
(44, 2), -- 블레이져 :
(45, 1), (45, 2), -- 얇은_가디건 :
-- 신발 (SHOES)
(46, 1), (46, 2), -- 털부츠 :
(47, 2), -- 롱부츠 :
(48, 1), (48, 3), -- 운동화 :
(49, 1), (49, 3), -- 러닝화 :
(50, 1), (50, 2), (50, 3), -- 레인부츠 :
(51, 1), (51, 2), -- 워커 :
(52, 2), -- 로퍼 :
(53, 2), -- 플랫슈즈 :
(54, 1), -- 스니커즈 :
(55, 2), -- 하이힐 :
(56, 1), (56, 3), -- 크록스 :
(57, 1), -- 슬리퍼 :
(58, 1), -- 샌들 :
(59, 1), -- 쪼리 :
-- 악세사리 (ACCESSORY)
(60, 1), (60, 2), (60, 3), (60, 4), -- 핫팩 :
(61, 1), (61, 2), (61, 3), (61, 4), -- 장갑 :
(62, 2), -- 손수건 :
(63, 1), (63, 2), -- 목도리 :
(64, 1), -- 플리스_모자 :
(65, 1), (65, 2), -- 귀도리 :
(66, 1), (66, 2), (66, 3), (66, 4), -- 우산 :
(67, 1), (67, 2), (67, 3), (67, 4), -- 자외선_차단제 :
(68, 2), -- 선글라스 :
(69, 1), (69, 2), -- 양산 :
(70, 1), -- 휴대용_선풍기 :
(71, 1), -- 썬캡 :
(72, 1), (72, 2), (72, 3), (72, 4), -- 마스크 :
(73, 2), -- 손목시계 :
(74, 1), -- 부채 :
(75, 1), -- 비니 :
(76, 1), -- 보조배터리 :
(77, 1), (77, 3); -- 스마트워치 :

-- outfit과 situation 연결 (총 75개 아웃핏)
INSERT INTO outfit_situation (outfit_seq, situation_seq) VALUES
-- 상의 (TOP)
(1, 1), (1, 4), (1, 3), -- 기모_맨투맨 : 일상, 운동, 데이트
(2, 1), (2, 3), -- 니트_스웨터 : 일상, 데이트
(3, 1), (3, 2), -- 일반_맨투맨 : 일상, 여행
(4, 1), (4, 4), -- 후드티 : 일상, 운동
(5, 3), -- 셔츠 : 일상, 데이트
(6, 4), -- 운동용 긴팔티 : 일상, 여행
(7, 1), (7, 2), -- 얇은_니트 : 일상, 여행
(8, 1), (8,2), (8, 4), -- 롱슬리브 : 일상, 운동
(9, 3), (9,5), -- 블라우스 : 일상, 데이트
(10, 1), (10, 5), -- 폴로_반팔티 : 일상, 격식있는 자리
(11, 1), (11, 2), (11, 3), -- 반팔_티셔츠 : 일상, 여행, 데이트
(12, 1), (12, 4), -- 반팔_셔츠 : 일상, 운동
(13, 4), -- 드라이핏_티셔츠 : 운동
(14, 3), -- 크롭티 : 일상, 데이트
(15, 1), (15, 4), -- 나시 : 일상, 운동
-- 하의 (BOTTOM)
(16, 1), (16, 4), (16, 3), -- 기모바지 : 일상, 운동, 데이트
(17, 4), -- 트레이닝_팬츠 : 일상, 운동
(18, 1), (18, 4), -- 조거_팬츠 : 일상, 운동
(19, 1), (19, 2), -- 긴청바지 : 일상, 여행
(20, 1), (20, 3), -- 스키니_진 : 일상, 데이트
(21, 1), (21, 5), -- 긴면바지 : 일상, 격식있는 자리
(22, 1), (22, 4), -- 카고_팬츠 : 일상, 운동
(23, 1), (23, 2), -- 롱슬랙스 : 일상, 여행
(24, 1), (24, 4), -- 와이드_팬츠 : 일상, 운동
(25, 4), -- 레깅스 : 운동
(26, 1), (26, 3), (26, 5), -- 롱_스커트 : 일상, 데이트
(27, 1), (27, 2), -- 청반바지 : 일상, 여행
(28, 4), -- 트레이닝_반바지 : 운동
(29, 1), (29, 3), -- 슬랙스_반바지 : 일상, 데이트
(30, 1), (30, 3), -- 미니_스커트 : 일상, 데이트
-- 아우터 (OUTERWEAR)
(31, 1), (31, 4), -- 롱패딩 : 일상, 운동
(32, 1), (32, 2), -- 패딩 : 일상, 여행
(33, 1), (33, 3), (33, 5), -- 코트 : 일상, 데이트, 격식 있는 자리
(34, 2), (34, 3), -- 무스탕 : 여행, 데이트
(35, 1), (35, 2), -- 가죽자켓 : 일상, 여행
(36, 1), (36, 4), -- 경량_패딩 : 일상, 운동
(37, 1), (37, 4), -- 패딩_조끼 : 일상, 운동
(38, 1), (38, 3), -- 야구점퍼 : 일상, 데이트
(39, 1), (39, 3), -- 항공점퍼 : 일상, 데이트
(40, 1), (40, 5), -- 자켓 : 일상, 격식 있는 자리
(41, 2), (41, 5), -- 트렌치코트 : 여행, 격식 있는 자리
(42, 1), (42, 4), -- 바람막이 : 일상, 운동
(43, 1), (43, 4), -- 후드_집업 : 일상, 운동
(44, 5), -- 블레이져 : 격식있는 자리
(45, 1), (45, 3), -- 얇은_가디건 : 일상, 데이트
-- 신발 (SHOES)
(46, 1), (46, 2), -- 털부츠 : 일상, 여행
(47, 3), (47, 5), -- 롱부츠 : 데이트, 격식있는 자리
(48, 1),(48, 2),  (48, 4), -- 운동화 : 일상,여행,운동
(49, 1), (49, 4), -- 러닝화 : 일상, 운동
(50, 1), (50, 2), -- 레인부츠 : 일상, 여행
(51, 1), (51, 3), -- 워커 : 일상, 데이트
(52, 3), (52, 5), -- 로퍼 : 데이트, 격식있는 자리
(53, 1), (53, 3), -- 플랫슈즈 : 일상, 데이트
(54, 1), (54, 2), (54, 4), -- 스니커즈 : 일상, 여행, 운동
(55, 3), (55, 5), -- 하이힐 : 데이트, 격식있는 자리
(56, 1), -- 크록스 : 일상
(57, 1), -- 슬리퍼 : 일상
(58, 1),(58, 2), -- 샌들 : 일상, 여행
(59, 1), -- 쪼리 : 일상
-- 악세사리 (ACCESSORY)
(60, 1), (60, 2), (60, 4), -- 핫팩 : 일상, 여행, 운동
(61, 1), (61, 4), -- 장갑 : 일상, 운동
(62, 3), (62, 5), -- 손수건 : 일상, 여행
(63, 1), (63, 3), (63, 5), -- 목도리 : 일상, 데이트, 격식 있는 자리
(64, 1), (64, 2), -- 플리스_모자 : 일상, 여행
(65, 1), (65, 2), -- 귀도리 : 일상, 여행
(66, 1), (66, 2), (66, 3), (66, 4), (66, 5), -- 우산 : 일상, 여행, 데이트, 운동, 격식 있는 자리
(67, 1), (67, 2), -- 자외선_차단제 : 일상, 여행
(68, 1), (68, 2), -- 선글라스 : 일상, 여행
(69, 1), (69, 2), -- 양산 : 일상, 여행
(70, 1), (70, 4), -- 휴대용_선풍기 : 일상, 운동
(71, 1), (71, 4), -- 썬캡 : 일상, 운동
(72, 1), (72, 3), -- 마스크 : 일상, 데이트
(73, 3), (73, 5), -- 손목시계 : 격식 있는 자리, 데이트
(74, 1), (74, 2), -- 부채 : 일상, 여행
(75, 1), (75, 3),-- 비니 : 일상, 데이트
(76, 1), (76, 2), -- 보조배터리 : 여행
(77, 1), (77, 4); -- 스마트워치 : 일상, 운동

INSERT INTO blame (blame_user_seq, blame_board_seq, blame_reply_seq, blame_review_seq, blame_status, blame_processing_date, reg_date) VALUES
(1, 1, NULL, 1, TRUE, NULL, NOW()),
(2, 2, NULL, 2, TRUE, NULL, NOW()),
(3, NULL, 1, 3, TRUE, NULL, NOW()),
(4, 3, NULL, 4, FALSE, NOW(), NOW()),
(5, 4, NULL, 5, TRUE, NULL, NOW()),
(6, 5, NULL, 6, FALSE, NOW(), NOW()),
(7, 1, 2, 7, TRUE, NULL, NOW()),
(8, 2, NULL, 8, TRUE, NULL, NOW()),
(9, 3, NULL, 9, FALSE, NOW(), NOW()),
(10, NULL, 3, 10, TRUE, NULL, NOW());